ASV	Domain	Phylum	Class	Order	Family	Genus	Species	baseMean	log2FoldChange	lfcSE	stat	pvalue	padj	abslogFC	logFC_padj
ed2705c46014388e410c33059f14abbf	d__Bacteria	p__Bacteroidota	c__Bacteroidia	o__Bacteroidales	f__Prevotellaceae	g__Hoylesella	NA	56.136986301369866	-5.746277066782993	0.6879794603637387	-8.352396252854561	6.68918126647578e-17	7.358099393123359e-15	5.746277066782993	780945833940932.9
63749f93fa752451b71632e68523bb95	d__Bacteria	p__Fusobacteriota	c__Fusobacteriia	o__Fusobacteriales	f__Leptotrichiaceae	g__Sneathia	NA	16.78082191780822	-2.240107717238041	0.656136024952681	-3.41409042035086	6.399533344091435e-4	0.005414989752692752	2.240107717238041	413.68641854291343
ff3739dd5a3c35cf09f01a391ce07570	d__Bacteria	p__Bacillota	c__Bacilli	o__Lactobacillales	f__Lactobacillaceae	g__Limosilactobacillus	NA	4.698630136986301	-2.037152633278987	0.5437716758774924	-3.7463382585928247	1.794346033933794e-4	0.00180095795722405	2.037152633278987	1131.1494669309222
7fb08fa9b7b2eef6a3db57d0de769227	d__Bacteria	p__Bacillota.1	c__Clostridia	o__Peptostreptococcales-Tissierellales	f__Family_XI	g__Peptoniphilus	NA	2.6027397260273974	2.028196729766127	0.5293696811892021	3.831342824942082	1.274457788252065e-4	0.0014756879653444964	2.028196729766127	1374.4075830371419
d46e2205f0c6ecf67b51f83d111c509c	d__Bacteria	p__Pseudomonadota	c__Gammaproteobacteria	o__Enterobacterales	f__Enterobacteriaceae	g__Escherichia-Shigella	NA	7.36986301369863	2.13267606070315	0.5694098099461352	3.745415030529411	1.80095795722405e-4	0.00180095795722405	2.13267606070315	1184.1898097334831
3ee2737f18047cff2f0d8eb20c8385c3	d__Bacteria	p__Bacillota.2	c__Bacilli	o__Mycoplasmatales	f__Mycoplasmataceae	g__Mycoplasma	NA	2.8493150684931505	2.152951691455626	0.539898137013919	3.9876997971565906	6.671701152440351e-5	8.154301408538206e-4	2.152951691455626	2640.265037543637
49f7701312ac7878e8c245d65760c2cf	d__Bacteria	p__Bacteroidota.1	c__Bacteroidia	o__Bacteroidales	f__Prevotellaceae	g__Prevotella	NA	3.219178082191781	2.337034700665332	0.5403818091018554	4.324784182779235	1.5268126351263474e-5	2.3992769980556885e-4	2.337034700665332	9740.578943403383
b59663fd23553a90c237e6b94095cfc3	d__Bacteria	p__Bacteroidota.2	c__Bacteroidia	o__Bacteroidales	f__Prevotellaceae	g__Prevotella	NA	5.561643835616438	2.3441136989229774	0.5843293879107361	4.011630678553295	6.030078303899165e-5	7.803630746222449e-4	2.3441136989229774	3003.875728048392
13c1b2a8c491cf3fba2fa50e45717450	d__Bacteria	p__Bacillota.3	c__Clostridia	o__Peptostreptococcales-Tissierellales	f__Family_XI	g__Anaerococcus	NA	3.4794520547945207	2.42449746199255	0.5540474282827613	4.375974579481658	1.2089110371187886e-5	2.045849447431796e-4	2.42449746199255	11850.810747760936
a22c8ef72659b99e76dd5d4ec6b37843	d__Bacteria	p__Actinomycetota	c__Coriobacteriia	o__Coriobacteriales	f__Atopobiaceae	g__Fannyhessea	NA	2112.5890410958905	2.606101038424755	0.9670947346543594	2.6947732678496883	0.007043654257532121	0.03779521796724553	2.606101038424755	68.95319510217617
5f69e7570cbc0562106258b3252493c0	d__Bacteria	p__Actinomycetota.1	c__Coriobacteriia	o__Coriobacteriales	f__Atopobiaceae	g__Fannyhessea	NA	24.82191780821918	2.6703852509950257	0.7338558953241661	3.638841451039154	2.738673364994329e-4	0.0025104505845781346	2.6703852509950257	1063.707554093827
e68712d76951fcc660c7df2d1116d320	d__Bacteria	p__Bacillota.4	c__Bacilli	o__Lactobacillales	f__Aerococcaceae	g__Aerococcus	NA	4.698630136986301	3.018858735604755	0.5874367365479622	5.139036338355178	2.7615099761880475e-7	6.075321947613704e-6	3.018858735604755	496905.14537925314
46e9544e9c5e7ed6d90a7b50a8a9c990	d__Bacteria	p__Bacillota.5	c__Clostridia	o__Peptostreptococcales-Tissierellales	f__Family_XI	g__Anaerococcus	NA	6.424657534246576	3.1656995799110934	0.6148722207559564	5.148548711501416	2.6250961782248035e-7	6.075321947613704e-6	3.1656995799110934	521075.1968715885
0640e9dab39f8ff89a9bdef119e0fe6f	d__Bacteria	p__Bacillota.6	c__Bacilli	o__Lactobacillales	f__Lactobacillaceae	g__Lactobacillus	NA	25.575342465753426	3.403124097043376	0.7323083355071147	4.647119160110002	3.366027456286165e-6	6.171050336524635e-5	3.403124097043376	55146.59436338225
ca647fe90e501808421954e5fbf9faa6	d__Bacteria	p__Bacillota.7	c__Clostridia	o__Peptostreptococcales-Tissierellales	f__Peptostreptococcaceae	g__Peptostreptococcus	NA	18.54794520547945	3.631881569588259	0.7107599764541606	5.109856618132875	3.2240339336487527e-7	6.448067867297506e-6	3.631881569588259	563251.1388423773
282dd7867741c58a5b4084ad8dcf416e	d__Bacteria	p__Actinomycetota.2	c__Actinobacteria	o__Bifidobacteriales	f__Bifidobacteriaceae	g__Gardnerella	NA	8.205479452054794	3.891623330520965	0.6564309417800348	5.928458094873016	3.057924257312892e-9	8.409291707610452e-8	3.891623330520965	46277658.878202856
fd2eb1fe2266eed160a855f715f7c77e	d__Bacteria	p__Bacillota.8	c__Bacilli	o__Lactobacillales	f__Streptococcaceae	g__Streptococcus	NA	16.26027397260274	4.276998947034191	0.6776852586586771	6.3111878152691885	2.7690190211516005e-10	8.702631209333602e-9	4.276998947034191	491460438.13129705
cbba35c0152682628245fca0d2efa51e	d__Bacteria	p__Bacteroidota.3	c__Bacteroidia	o__Bacteroidales	f__Prevotellaceae	g__Prevotella	NA	32.9041095890411	5.149845664883551	0.7717055350450154	6.673329956850897	2.5006329268937278e-11	9.168987398610334e-10	5.149845664883551	5616591495.876709
5dc4a87514f65e55bd373c1283e95fc4	d__Bacteria	p__Bacteroidota.4	c__Bacteroidia	o__Bacteroidales	f__Prevotellaceae	g__Prevotella	NA	32.342465753424655	5.241105959825259	0.7197614759488691	7.28172614811852	3.295755870224012e-13	1.4501325828985654e-11	5.241105959825259	361422536231.0797
79782755a18c72d86cf07428121c811d	d__Bacteria	p__Actinomycetota.3	c__Coriobacteriia	o__Coriobacteriales	f__Atopobiaceae	g__Fannyhessea	NA	42.64383561643836	6.223745472952763	0.7910575970588921	7.86762619573126	3.614336108132635e-15	1.9878848594729491e-13	6.223745472952763	31308380076916.9
e09d949d7cec463caece6ea299532d89	d__Bacteria	p__Actinomycetota.4	c__Coriobacteriia	o__Coriobacteriales	f__Atopobiaceae	g__Fannyhessea	NA	54.56164383561644	6.523146658195613	0.8046871686966949	8.106438019585642	5.212528904315546e-16	3.822521196498067e-14	6.523146658195613	170650372434080.28
b1a2eb74f17971864ed1ed964da108e5	d__Bacteria	p__Fusobacteriota.1	c__Fusobacteriia	o__Fusobacteriales	f__Leptotrichiaceae	g__Sneathia	NA	85.9041095890411	6.654196656579443	0.7622664322094652	8.729489290630234	2.5582517694544198e-18	5.628153892799723e-16	6.654196656579443	11823053852689368
