"","baseMean","log2FoldChange","lfcSE","stat","pvalue","padj","Genus"
"a22c8ef72659b99e76dd5d4ec6b37843",396.975055593933,4.37291256826594,1.27238716920916,3.43677826536391,0.000588677313298171,0.0353206387978902,"Fannyhessea"
"27f098662c8f87b4aaff903d9c0f28d3",0.0584463733856562,0.206619970903716,3.2917770577125,0.0627685190343051,0.949950834589767,1,"Bilophila"
"394eda29c886632f514dd94b58381186",0.227833128602501,0.796591306879387,3.2906442261785,0.242077615240857,0.80872002287549,1,"Haemophilus"
"d46e2205f0c6ecf67b51f83d111c509c",3.59392722189947,-0.857298527834063,1.48177635445137,-0.578561349868131,0.562885190278497,1,"Escherichia-Shigella"
"21401b105dc53b367b8fdc0ec97a9f02",0.296663074512659,1.32501036458154,3.28938805949425,0.40281363603699,0.687085328969042,1,"Sutterella"
"8365c56e7d1f57079c8821b426206d94",2.49067040989952,-0.724657972464392,1.53519992914775,-0.472028404057233,0.636906514535395,1,"Campylobacter"
"7b28c20e72c6c95b3e604f0849245770",0.00931454593597367,-0.286809712482548,3.29243719708322,-0.0871116729991488,0.930582746947934,1,"Akkermansia"
"820f6693f569e339f183638cd73a7fe6",0.236976419807373,-0.158872048460329,3.29035647236107,-0.0482841448319814,0.961489790406384,1,"Lawsonella"
"2359b6a4d6a1188eac7ed4daae3e165f",1.02547336175862,-1.86696109306614,2.61521911688087,-0.713883238698882,0.475299382629508,1,"Varibaculum"
"a814e18dc6c018749b8c0e8f314a63aa",1.41729638978127,2.648563168855,2.44799262096016,1.08193266032647,0.279282451102688,1,"Winkia"
"09ecf5a6ae593fbc03199102562aeb4b",0.0880502189700076,-0.672392672549748,3.29080617202779,-0.204324605400695,0.838099843215916,1,"Schaalia"
"c5e48d33cc9cb2091f9867c5937315dd",1.51877359215851,1.0784336484997,2.36870120670994,0.455284797189602,0.648904362070344,1,"Mobiluncus"
"73ddef4c71b516586e803b622be15dd0",0.0160891622607158,-0.19974166836708,3.29233118311996,-0.0606687654605258,0.951623007393726,1,"Arcanobacterium"
"a8e53bd66879cd51ecb4e7daf552accb",1371.42792289513,0.0971579343727031,0.970580744096515,0.100102886816639,0.920262643498353,1,"Gardnerella"
"5a6c87d6a4eb5e114959f6192f29b641",0.198835146618463,-1.56519855870998,3.28736087312319,-0.476126175104999,0.633984490188124,1,"Bifidobacterium"
"fd2eb1fe2266eed160a855f715f7c77e",16.5461987214046,0.80820264465922,1.69814226674118,0.475933412934948,0.634121817005499,1,"Streptococcus"
"f7447c8e079023f4f2579d8580575dd3",45664.7889729014,-0.311756238432443,0.647973301391739,-0.481125129326845,0.630427569049022,1,"Lactobacillus"
"c8364ffd28638c0516d23fb9cbe39cec",93.5858237488854,0.950597583253717,1.2573481311943,0.75603371864146,0.449628979616479,1,"Ureaplasma"
"c45a3b1ba3c7be52bf6cfd79c71d1286",3.58239987373203,1.06553929193306,1.81335914117559,0.58760521715642,0.556797308384376,1,"Aerococcus"
"65d43491988bfe557da4d86a5ba25dae",5.12326859185591,-0.454453374959935,1.50169654250375,-0.302626637337949,0.762174412148538,1,"Staphylococcus"
"70ccde8ba36f6355483b86ee336e82c2",0.324356927115975,0.630944178631639,3.07463537617693,0.205209431830635,0.837408500721363,1,"Gemella"
"4f1ddb6e7d5befadf0b9ab146d9d037b",10.139755192423,1.46971501049571,1.84838899609278,0.795132958269322,0.426536164678851,1,"Berryella"
"e673dc964cf400af5e4dbeb2991f4b11",0.103291342670846,0.507057684638592,3.2913825955973,0.154056135958444,0.877565473745265,1,"Slackia"
"35cbb315e019e0a8768d4b73862df415",0.0423037160132616,-0.242790118748319,3.29177360518434,-0.0737566272376507,0.941204039426823,1,"Collinsella"
"7fae613f7cc102eb5599d1caa6893bb9",1.01812631327108,-0.371837153641526,2.46942043980138,-0.150576689027257,0.880309651159749,1,"Ezakiella"
"052ed87a5bce8789c20b59effda065d6",4.91447538907619,0.825967921636996,1.65144446675074,0.500148771736847,0.616970326608107,1,"Fenollaria"
"9ee9d7f1e7a96963f1ee2668f858fced",9.32478788090035,-0.377790214907615,1.241875898139,-0.304209313888569,0.760968429450277,1,"Anaerococcus"
"b2574632cd105083065793a728d40c81",31.1120191350856,-0.116400534080856,0.808209577538531,-0.144022710588711,0.885482536139711,1,"Peptoniphilus"
"9485b25a0c921cb845dc9c4142ae4a0f",3.61262942221521,1.04662966664703,2.06450781734952,0.506963285801808,0.612180579448927,1,"Parvimonas"
"22b3c70cdfb1714224e1bf8a6314bee9",34.9662809717242,0.639246409965686,1.01373216420124,0.630587084577096,0.528310545827717,1,"Finegoldia"
"306885bb108656641ce13c5a740ef46c",0.0944281294626367,-0.0995375233103039,3.29176933535485,-0.0302383044404823,0.975876999962597,1,"Murdochiella"
"99deb3c5ecb022ec05609ebd1112a557",4.75486580021791,0.139553439313541,1.60854690878035,0.0867574570264506,0.930864304437443,1,"Bacteroides"
"d8e7f9181e4d5a4a6453e9ca9996a43f",0.395954136087233,-0.208341506521431,3.29082274879982,-0.0633098536216859,0.949519769450304,1,"Parabacteroides"
"31f567f59096ed2d57feecc6c3621a58",0.602015007596366,1.5684098155711,2.37500702993878,0.660381125529357,0.509009281332907,1,"Porphyromonas"
"4ddcfae7911092976b66d0799c96d4d7",0.0990799826256981,-0.223626743607665,3.29235960228796,-0.0679229399644743,0.94584697747007,1,"Incertae_Sedis"
"c53e42b981a64c89c69a5e6032bf49a2",0.176023186394031,-0.238769186661254,3.29125694963093,-0.0725465043645494,0.942166997807373,1,"Prevotellaceae_UCG-001"
"958d54f6c2724fdc04ad01d39d59aaca",109.881133010148,-1.11201017547911,1.0078495384611,-1.10334939199064,0.269875464996022,1,"Hoylesella"
"edb02840fe91e2472e2935917600da98",115.554379970436,0.779387111363091,0.935930832254342,0.832740074911102,0.404991337793823,1,"Prevotella"
"675c847bccbc53942ebb7b8cbb4efc4d",0.0998176583345902,-1.48597107676918,3.29014810469905,-0.451642609840844,0.651526468470366,1,"Segatella"
"742e1f191223f58590661de80b9d6e3b",0.0368460902929119,0,3.29262128949267,0,1,1,"Alistipes"
"ca647fe90e501808421954e5fbf9faa6",2.24671028655977,2.67827481059911,2.33649686254272,1.14627794008011,0.251680167606482,1,"Peptostreptococcus"
"644fd07dc284e48b3f9bdbf76078fd2e",0.0150335783837412,-0.684483508194977,3.29215277528122,-0.207913652529843,0.8352963889327,1,"S5-A14a"
"27335f508429bf2100f5dded19cea135",0.208847623875124,-1.48252570738872,3.28712003678414,-0.45101051704796,0.651981969058653,1,"Peptococcus"
"dfbcf643d39da3d96679e19c7ab6b3a1",28.7411729834681,2.01114594936019,2.04134782751319,0.985204932865462,0.324523418095184,1,"Fastidiosipila"
"8d5153b41e59c5ffb5a1fc080eb784cf",0.0558073026257483,0.030529729303002,3.29204014582316,0.00927380224744137,0.992600682428068,1,"Incertae_Sedis"
"f5f5e0da89730462abaf6301a9557193",0.532393055402779,-0.619651605893057,2.72088752556743,-0.227738780111402,0.819849322342105,1,"Faecalibacterium"
"9639a3291729a3758207b47715d9205f",0.233835105607354,1.08862443624785,3.29012018233892,0.330876799604918,0.740737547073222,1,"Gemmiger"
"bffd79a65e1cd0c98d984f7df8f1ed09",189.860414053792,1.53197447934325,1.41031312479277,1.08626549126695,0.277361549795643,1,"Megasphaera"
"2740cf2417c92847cc298cbd71dd1fcd",0.959859772950453,-0.523479900211392,3.27578924282761,-0.159802680028198,0.873036512857802,1,"Veillonella"
"209b0f9c375da503e050c43a24e70855",0.0435155981529301,0.0879826736164158,3.29195083954083,0.0267266061690909,0.978677792054882,1,"Negativicoccus"
"b484195da5a669012008758c2f88fb90",88.3007802368284,0.194984508134283,1.03055656931236,0.189203110183837,0.849933630117265,1,"Dialister"
"7a6dba47692f821cabeaf266b6b36593",1.67345308723585,0.424690326633614,2.03838465072053,0.208346509322219,0.834958419142173,1,"Incertae_Sedis"
"6bbff26a22040581ff0e24f9b5b40830",1.07320127673958,-2.32424483332569,2.66997359462866,-0.870512291957308,0.384020504750395,1,"Acidaminococcus"
"2e4f2b53b856c4def6d021d01f5abb70",0.0899365790797517,0.116550471310708,3.29190770833145,0.0354051454771139,0.971756681788472,1,"Dorea"
"c67445ed68d61f49e41b7bdd1de019fb",0.00801790847132864,-0.572967498673445,3.29237596522425,-0.174028575328401,0.86184300501738,1,"Enterocloster"
"67e8859e108281ee7971084bfa759522",0.145936149804986,0.041461273574118,3.291031631415,0.0125982604294482,0.989948308405398,1,"Lachnoclostridium"
"c6c3ab4e828fb40d6e05967b7aac9338",0.0989894329800646,0,3.29262127210273,0,1,1,"Blautia"
"12596212f81c470bb18586314a5ea8e2",1.11867593501013,-2.07529359607497,2.10562557170905,-0.985594791380946,0.324331995007792,1,"Howardella"
"b1a2eb74f17971864ed1ed964da108e5",49.0391609547146,-1.27580566229659,1.37231288528284,-0.929675496002972,0.352539125387049,1,"Sneathia"
"e502ebea2a54a6f839d310d6d57e7d47",0.341830781219167,-1.69135941129781,3.01698345691364,-0.56061275623568,0.575061553558147,1,"Fusobacterium"
"69a11f927915e2a3ba1f7b9c84486527",0,0,0,0,1,NA,"Parasutterella"
"c24e0e391aa836b5eae25567c7eb89ee",0,0,0,0,1,NA,"[Ruminococcus]_gnavus_group"
